-- MySQL Data Backup
-- Date: 2026-06-08T12:27:14.587Z

INSERT INTO corretor_specialties (corretor_id, specialty) VALUES ('broker-ana', 'Apartamentos Compactos');
INSERT INTO corretor_specialties (corretor_id, specialty) VALUES ('broker-ana', 'Locação de Alto Padrão');
INSERT INTO corretor_specialties (corretor_id, specialty) VALUES ('broker-ana', 'Studio Itaim Bibi');
INSERT INTO corretor_specialties (corretor_id, specialty) VALUES ('broker-mariana', 'Investimentos');
INSERT INTO corretor_specialties (corretor_id, specialty) VALUES ('broker-mariana', 'Lançamentos');
INSERT INTO corretor_specialties (corretor_id, specialty) VALUES ('broker-mariana', 'Minha Casa Minha Vida');
INSERT INTO corretor_specialties (corretor_id, specialty) VALUES ('broker-renato', 'Alto Padrão');
INSERT INTO corretor_specialties (corretor_id, specialty) VALUES ('broker-renato', 'Apartamentos na Pituba');
INSERT INTO corretor_specialties (corretor_id, specialty) VALUES ('broker-renato', 'Casas em Barra');
INSERT INTO corretor_specialties (corretor_id, specialty) VALUES ('broker-ricardo', 'Salas Comerciais');
INSERT INTO corretor_specialties (corretor_id, specialty) VALUES ('broker-ricardo', 'Terrenos em Condomínio');

INSERT INTO corretores (id, name, email, creci, phone, whatsapp, city, status, photo_url, rating, responding_rate, closed_deals, is_admin, ident_doc_url, creci_doc_url, created_at, updated_at) VALUES ('broker-ana', 'Ana Costa', 'ana@conecta.com.br', 'CRECI 54229-F', '+5511977773333', '5511977773333', 'São Paulo', 'Aprovado', 'https://images.unsplash.com/photo-1580489944761-15a19d654956?w=120&auto=format&fit=crop&q=80', '4.80', 95, 8, 0, NULL, NULL, '2026-05-29 18:20:10.000', '2026-05-29 18:20:10.000');
INSERT INTO corretores (id, name, email, creci, phone, whatsapp, city, status, photo_url, rating, responding_rate, closed_deals, is_admin, ident_doc_url, creci_doc_url, created_at, updated_at) VALUES ('broker-mariana', 'Mariana Silva', 'mariana@corretor.co', 'CRECI 98322-F', '+5571988882222', '5571988882222', 'Salvador', 'Aprovado', 'https://images.unsplash.com/photo-1573496359142-b8d87734a5a2?w=120&auto=format&fit=crop&q=80', '5.00', 100, 21, 0, NULL, NULL, '2026-05-29 18:20:10.000', '2026-05-29 18:20:10.000');
INSERT INTO corretores (id, name, email, creci, phone, whatsapp, city, status, photo_url, rating, responding_rate, closed_deals, is_admin, ident_doc_url, creci_doc_url, created_at, updated_at) VALUES ('broker-renato', 'Celso Dominges', 'celso@corretor.com.br', '', '+5571999991111', '5571999991111', 'Salvador', 'Aprovado', 'https://images.unsplash.com/photo-1560250097-0b93528c311a?w=120&auto=format&fit=crop&q=80', '4.90', 98, 14, 1, NULL, NULL, '2026-05-29 18:20:10.000', '2026-05-29 23:06:59.000');
INSERT INTO corretores (id, name, email, creci, phone, whatsapp, city, status, photo_url, rating, responding_rate, closed_deals, is_admin, ident_doc_url, creci_doc_url, created_at, updated_at) VALUES ('broker-ricardo', 'Ricardo Mendes', 'ricardo@corretores.com', 'CRECI 87311-F', '+5571955554444', '5571955554444', 'Salvador', 'Pendente', 'https://images.unsplash.com/photo-1519085360753-af0119f7cbe7?w=120&auto=format&fit=crop&q=80', '4.50', 85, 3, 0, NULL, NULL, '2026-05-29 18:20:10.000', '2026-05-29 18:20:10.000');

INSERT INTO demand_neighborhoods (demand_id, neighborhood) VALUES ('dem-itaim-4', 'Itaim Bibi');
INSERT INTO demand_neighborhoods (demand_id, neighborhood) VALUES ('dem-itaim-4', 'Vila Olímpia');
INSERT INTO demand_neighborhoods (demand_id, neighborhood) VALUES ('dem-pituba-3', 'Caminho das Árvores');
INSERT INTO demand_neighborhoods (demand_id, neighborhood) VALUES ('dem-pituba-3', 'Pituba');

INSERT INTO demands (id, type, purpose, city, max_price, bedrooms, parking_spots, min_area, urgency, payment_method, notes, ia_raw_text, use_ia, status, created_at, created_by, updated_at, cover_photo) VALUES ('dem-1780306445647', 'casa', 'locação', 'Salvador', '950.00', 3, 2, '60.00', 'alta', 'Financiamento ou à vista', NULL, NULL, 0, 'Ativo', '2026-06-01 09:34:05.000', 'broker-ana', '2026-06-01 09:34:05.000', NULL);
INSERT INTO demands (id, type, purpose, city, max_price, bedrooms, parking_spots, min_area, urgency, payment_method, notes, ia_raw_text, use_ia, status, created_at, created_by, updated_at, cover_photo) VALUES ('dem-itaim-4', 'apartamento', 'venda', 'São Paulo', '1200000.00', 1, 1, '35.00', 'média', 'Pagamento à vista com recursos próprios', 'Investidor de Minas Gerais deseja adquirir unidade compacta de alto padrão pra aluguel por temporada.', NULL, 0, 'Ativo', '2026-05-27 18:20:11.000', 'broker-ana', '2026-05-29 19:52:05.000', 'https://images.unsplash.com/photo-1522708323590-d24dbb6b0267?w=600&auto=format&fit=crop&q=80');
INSERT INTO demands (id, type, purpose, city, max_price, bedrooms, parking_spots, min_area, urgency, payment_method, notes, ia_raw_text, use_ia, status, created_at, created_by, updated_at, cover_photo) VALUES ('dem-pituba-3', 'apartamento', 'venda', 'Salvador', '800000.00', 3, 2, '85.00', 'alta', 'Financiamento bancário Caixa já pré-aprovado', 'Cliente tem pressa, mudou-se de outro estado e busca apto com varanda gourmet de verdade na Pituba.', NULL, 0, 'Ativo', '2026-05-28 18:20:11.000', 'broker-mariana', '2026-05-29 19:52:05.000', 'https://images.unsplash.com/photo-1560448204-e02f11c3d0e2?w=600&auto=format&fit=crop&q=80');

INSERT INTO favorites (id, broker_id, favorite_type, target_id, created_at) VALUES ('fav-1780097778209', 'broker-renato', 'property', 'prop-pituba-1', '2026-05-29 23:36:18.000');

INSERT INTO match_history (id, match_id, status, updated_at, updated_by, notes) VALUES (1, 'match-pituba', 'Novo', '2026-05-29 18:20:11.000', 'Sistema', 'Match estabelecido de forma automática pelo motor de cruzamento inteligente ConectaCorretor.');
INSERT INTO match_history (id, match_id, status, updated_at, updated_by, notes) VALUES (4, 'match-53263-45647', 'Novo', '2026-06-01 09:34:06.000', 'Sistema', 'Match estipulado após inserção de nova procura de cliente pela rede.');

INSERT INTO matches (id, property_id, demand_id, score, status, created_at, updated_at, insights) VALUES ('match-53263-45647', 'prop-1780305853263', 'dem-1780306445647', 89, 'Novo', '2026-06-01 09:34:06.000', '2026-06-01 09:34:06.000', NULL);
INSERT INTO matches (id, property_id, demand_id, score, status, created_at, updated_at, insights) VALUES ('match-pituba', 'prop-pituba-1', 'dem-pituba-3', 95, 'Novo', '2026-05-29 18:20:11.000', '2026-05-30 00:48:53.000', '{"explanation":"Este apartamento na Pituba é uma escolha ideal para o seu cliente, pois se encaixa perfeitamente nas suas necessidades: possui 3 quartos, 2 vagas e está dentro do orçamento de R$ 750.000, que é inferior ao máximo de R$ 800.000 estipulado. Além disso, a varanda gourmet, que é um requisito específico do cliente, é um destaque deste imóvel reformado.","advice":"Sugiro que os corretores pactuem um split de comissão de 50/50 conforme garantido em contrato e agendem uma visita o mais breve possível para atender à urgência do cliente. É importante compartilhar material visual do imóvel e informações relevantes para que ambos possam apresentar o apartamento de forma convincente.","scoreExplanation":"O score de 95% de compatibilidade foi alcançado por conta da sinergia entre as características solicitadas pelo cliente e as disponibilizadas pelo imóvel, incluindo a localização desejada, número de quartos e vagas. A pequena diferença vem do fato de que o cliente buscava especificamente uma varanda gourmet, embora o imóvel ofereça exatamente essa comodidade."}');

INSERT INTO notifications (id, broker_id, title, message, type, is_read, created_at) VALUES ('not-1', 'broker-renato', 'Novo Match de Negócio! 🎉', 'Seu anúncio \'Apartamento Reformado 3 Qts na Pituba\' obteve 95% de compatibilidade com a procura cadastrada por Mariana Silva.', 'match', 1, '2026-05-29 18:20:11.000');
INSERT INTO notifications (id, broker_id, title, message, type, is_read, created_at) VALUES ('not-2', 'broker-mariana', 'Match Promissor Encontrado! 🎯', 'A procura ativada para seu cliente na Pituba gerou Match de 95% com o imóvel oferecido por Renato Albuquerque.', 'match', 0, '2026-05-29 18:20:11.000');
INSERT INTO notifications (id, broker_id, title, message, type, is_read, created_at) VALUES ('not-dem-1780306445654', 'broker-ana', 'Novo Match Imediato Encontrado! 🥳', 'Sua nova procura ativada casou 89% com o anúncio de Celso Dominges em pq das mangabas.', 'match', 0, '2026-06-01 09:34:06.000');
INSERT INTO notifications (id, broker_id, title, message, type, is_read, created_at) VALUES ('not-prop-1780103230125', 'broker-renato', 'Sua Captação Casou com Procura! 🎯', 'O corretor Parceiro cadastrou uma procura que bate 70% com seu imóvel \'Apartamento Reformado 3 Qts com Varanda Gourmet na Pituba\'.', 'match', 1, '2026-05-30 01:07:10.000');
INSERT INTO notifications (id, broker_id, title, message, type, is_read, created_at) VALUES ('not-prop-1780306445650', 'broker-renato', 'Sua Captação Casou com Procura! 🎯', 'O corretor Ana Costa cadastrou uma procura que bate 89% com seu imóvel \'Casa de Veraneio Luxuosa em Salvador com Piscina e Varanda Gourmet\'.', 'match', 0, '2026-06-01 09:34:06.000');

INSERT INTO properties (id, title, type, purpose, price, city, neighborhood, description, bedrooms, bathrooms, parking_spots, area, commission, accepts_partnership, condo_fee, iptu, virtual_tour, video_url, status, created_at, created_by, updated_at, photos) VALUES ('prop-1780305853263', 'Casa de Veraneio Luxuosa em Salvador com Piscina e Varanda Gourmet', 'casa', 'locação', '1000.00', 'Salvador', 'pq das mangabas', 'Descubra o refúgio perfeito para sua família no coração do Pq das Mangabas, Salvador. Esta casa moderna é ideal para quem busca momentos incríveis, com:  

- **Piscina Privativa:** Para refrescar-se nos dias quentes e garantir diversão para todas as idades.  
- **Varanda Gourmet:** O espaço perfeito para confraternizações, com churrasqueira e vista deslumbrante.  

**Mobilidade e Infraestrutura:**  
A localização oferece fácil acesso a praias paradisíacas e opções de lazer na cidade. Estão disponíveis supermercados e restaurantes nas proximidades, garantindo praticidade no dia a dia.  

**Parceria**: Oferecemos um split de comissão de 50/50, tornando esta uma oportunidade imperdível para corretores interessados em expandir suas vendas! Não perca esta chance de agregar um imóvel de alto padrão ao seu portfólio.', 3, 2, 2, '1000.00', '6% de comissão (partilha 50/50)', 1, NULL, NULL, NULL, NULL, 'Ativo', '2026-06-01 09:24:13.000', 'broker-renato', '2026-06-01 09:24:13.000', '["/api/files/imob/uploads/prop-1780305793540-1422-jaguar.jpg"]');
INSERT INTO properties (id, title, type, purpose, price, city, neighborhood, description, bedrooms, bathrooms, parking_spots, area, commission, accepts_partnership, condo_fee, iptu, virtual_tour, video_url, status, created_at, created_by, updated_at, photos) VALUES ('prop-itaim-2', 'Studio de Luxo Mobiliado de 40m² a uma quadra do Parque do Povo', 'apartamento', 'venda', '1100000.00', 'São Paulo', 'Itaim Bibi', 'Excelente oportunidade para investidor ou moradia com praticidade no coração do Itaim Bibi. Studio totalmente decorado e mobiliado por arquiteto renomado. Cozinha planejada com eletrodomésticos embutidos, ar condicionado inverter central, cama queen com armário espelhado de alto acabamento e banheiro espaçoso revestido com pastilhas finas. 1 vaga de estacionamento. Condomínio com lavanderia compartilhada, academia profissional de última geração administrada por assessoria esportiva, piscina climatizada de raia e espaço coworking de uso livre.', 1, 1, 1, '40.00', '5% de comissão (partilha rigorosa de 50% pro corretor parceiro)', 1, '500.00', '900.00', NULL, NULL, 'Ativo', '2026-05-24 18:20:10.000', 'broker-ana', '2026-05-29 19:59:47.000', '["https://images.unsplash.com/photo-1522708323590-d24dbb6b0267?w=800&auto=format&fit=crop&q=80","https://images.unsplash.com/photo-1560185007-cde436f6a4d0?w=800&auto=format&fit=crop&q=80","https://images.unsplash.com/photo-1560448204-e02f11c3d0e2?w=800&auto=format&fit=crop&q=80"]');
INSERT INTO properties (id, title, type, purpose, price, city, neighborhood, description, bedrooms, bathrooms, parking_spots, area, commission, accepts_partnership, condo_fee, iptu, virtual_tour, video_url, status, created_at, created_by, updated_at, photos) VALUES ('prop-pituba-1', 'Apartamento Reformado 3 Qts com Varanda Gourmet na Pituba', 'apartamento', 'venda', '750000.00', 'Salvador', 'Pituba', 'Maravilhoso apartamento andar alto na Pituba, reformado com piso em porcelanato 80x80, teto rebaixado com iluminação planejada de LED. Ampla sala de estar integrada a uma incrível varanda gourmet envidraçada com churrasqueira ecológica. São 3 quartos (1 suíte com closet), cozinha equipada, dependência completa de serviço, 2 garagens cobertas e soltas. Prédio com infraestrutura de lazer: piscina, sauna, quiosque, brinquedoteca, portaria 24h automatizada e hall decorado.', 3, 3, 2, '95.00', '6% de comissão (partilha de 50/50 garantida em contrato)', 1, '780.00', '1500.00', NULL, NULL, 'Ativo', '2026-05-26 18:20:10.000', 'broker-renato', '2026-05-29 20:01:59.000', '["https://images.unsplash.com/photo-1560448204-e02f11c3d0e2?w=800&auto=format&fit=crop&q=80","https://images.unsplash.com/photo-1502672260266-1c1ef2d93688?w=800&auto=format&fit=crop&q=80","https://images.unsplash.com/photo-1493809842364-78817add7ffb?w=800&auto=format&fit=crop&q=80","https://images.unsplash.com/photo-1560185893-a55cbc8c57e8?w=800&auto=format&fit=crop&q=80"]');

INSERT INTO property_features (property_id, feature) VALUES ('prop-1780305853263', 'Ar-condicionado');
INSERT INTO property_features (property_id, feature) VALUES ('prop-1780305853263', 'Estacionamento');
INSERT INTO property_features (property_id, feature) VALUES ('prop-1780305853263', 'Piscina');
INSERT INTO property_features (property_id, feature) VALUES ('prop-1780305853263', 'Proximidade a praias');
INSERT INTO property_features (property_id, feature) VALUES ('prop-1780305853263', 'Segurança 24 horas');
INSERT INTO property_features (property_id, feature) VALUES ('prop-1780305853263', 'Varanda Gourmet');
INSERT INTO property_features (property_id, feature) VALUES ('prop-itaim-2', 'academia');
INSERT INTO property_features (property_id, feature) VALUES ('prop-itaim-2', 'churrasqueira');
INSERT INTO property_features (property_id, feature) VALUES ('prop-itaim-2', 'mobiliado');
INSERT INTO property_features (property_id, feature) VALUES ('prop-itaim-2', 'piscina');
INSERT INTO property_features (property_id, feature) VALUES ('prop-itaim-2', 'portaria automatizada');
INSERT INTO property_features (property_id, feature) VALUES ('prop-pituba-1', 'andar alto');
INSERT INTO property_features (property_id, feature) VALUES ('prop-pituba-1', 'ar condicionado');
INSERT INTO property_features (property_id, feature) VALUES ('prop-pituba-1', 'piscina');
INSERT INTO property_features (property_id, feature) VALUES ('prop-pituba-1', 'reforma recente');
INSERT INTO property_features (property_id, feature) VALUES ('prop-pituba-1', 'varanda gourmet');

